acc,f1,loss
0.975,0.9743589743589743,0.0036239971886971034
