acc,f1,loss
0.9913793103448276,0.9914529914529915,0.020181616651825607
