accuracy,f1,loss
0.85,0.8484848484848485,12.37403854727745
0.93,0.9306930693069307,5.910051681101322
0.94,0.94,0.4206132636172697
0.96,0.96,0.01473458746477263
