acc,f1,loss
0.975,0.9743589743589743,0.004823263647267595
